<?xml version="1.0" encoding="UTF-8"?><MD_Metadata xmlns:xlink="http://www.w3.org/1999/xlink" xmlns:srv="http://www.isotc211.org/2005/srv" xmlns:gts="http://www.isotc211.org/2005/gts" xmlns:xalan="http://xml.apache.org/xalan" xmlns:gco="http://www.isotc211.org/2005/gco" xmlns:gml="http://www.opengis.net/gml" xmlns:xsi="http://www.w3.org/2001/XMLSchema-instance" xmlns="http://www.isotc211.org/2005/gmd">
    <characterSet>
        <MD_CharacterSetCode codeList="http://www.isotc211.org/2005/resources/Codelist/gmxCodelists.xml#MD_CharacterSetCode" codeListValue="utf8" codeSpace="ISOTC211/19115">utf8</MD_CharacterSetCode>
    </characterSet>
    <hierarchyLevel>
        <MD_ScopeCode codeList="http://www.isotc211.org/2005/resources/Codelist/gmxCodelists.xml#MD_ScopeCode" codeListValue="dataset" codeSpace="ISOTC211/19115">dataset</MD_ScopeCode>
    </hierarchyLevel>
    <hierarchyLevelName>
        <gco:CharacterString>dataset</gco:CharacterString>
    </hierarchyLevelName>
    <contact gco:nilReason="missing"/>
    <dateStamp gco:nilReason="missing"/>
    <metadataStandardName>
        <gco:CharacterString>ISO 19139 Geographic Information - Metadata - Implementation Specification</gco:CharacterString>
    </metadataStandardName>
    <metadataStandardVersion>
        <gco:CharacterString>2007</gco:CharacterString>
    </metadataStandardVersion>
    <identificationInfo>
        <MD_DataIdentification>
            <citation>
                <CI_Citation>
                    <title>
                        <gco:CharacterString>CompleteStreets</gco:CharacterString>
                    </title>
                    <date gco:nilReason="missing"/>
                </CI_Citation>
            </citation>
            <abstract>
                <gco:CharacterString>CLICK HERE to view metadata. For any questions or technical assistance please email maps@phila.gov.</gco:CharacterString>
            </abstract>
            <purpose>
                <gco:CharacterString>Identifies the street type and associated pedestrian bicycle and other travel priorities to be included during the planning of new streets.</gco:CharacterString>
            </purpose>
            <descriptiveKeywords>
                <MD_Keywords>
                    <keyword>
                        <gco:CharacterString>AUTHORITATIVE</gco:CharacterString>
                    </keyword>
                    <keyword>
                        <gco:CharacterString>Planning</gco:CharacterString>
                    </keyword>
                    <keyword>
                        <gco:CharacterString>PCPC</gco:CharacterString>
                    </keyword>
                    <keyword>
                        <gco:CharacterString>Complete Streets</gco:CharacterString>
                    </keyword>
                    <keyword>
                        <gco:CharacterString>Complete Street Types</gco:CharacterString>
                    </keyword>
                    <keyword>
                        <gco:CharacterString>openmaps</gco:CharacterString>
                    </keyword>
                </MD_Keywords>
            </descriptiveKeywords>
            <descriptiveKeywords>
                <MD_Keywords>
                    <keyword>
                        <gco:CharacterString>AUTHORITATIVE</gco:CharacterString>
                    </keyword>
                    <keyword>
                        <gco:CharacterString>Planning</gco:CharacterString>
                    </keyword>
                    <keyword>
                        <gco:CharacterString>PCPC</gco:CharacterString>
                    </keyword>
                    <keyword>
                        <gco:CharacterString>Complete Streets</gco:CharacterString>
                    </keyword>
                    <keyword>
                        <gco:CharacterString>Complete Street Types</gco:CharacterString>
                    </keyword>
                    <keyword>
                        <gco:CharacterString>openmaps</gco:CharacterString>
                    </keyword>
                </MD_Keywords>
            </descriptiveKeywords>
            <descriptiveKeywords>
                <MD_Keywords>
                    <keyword>
                        <gco:CharacterString>AUTHORITATIVE</gco:CharacterString>
                    </keyword>
                    <keyword>
                        <gco:CharacterString>Planning</gco:CharacterString>
                    </keyword>
                    <keyword>
                        <gco:CharacterString>PCPC</gco:CharacterString>
                    </keyword>
                    <keyword>
                        <gco:CharacterString>Complete Streets</gco:CharacterString>
                    </keyword>
                    <keyword>
                        <gco:CharacterString>Complete Street Types</gco:CharacterString>
                    </keyword>
                    <keyword>
                        <gco:CharacterString>openmaps</gco:CharacterString>
                    </keyword>
                </MD_Keywords>
            </descriptiveKeywords>
            <descriptiveKeywords>
                <MD_Keywords>
                    <keyword>
                        <gco:CharacterString>AUTHORITATIVE</gco:CharacterString>
                    </keyword>
                    <keyword>
                        <gco:CharacterString>Planning</gco:CharacterString>
                    </keyword>
                    <keyword>
                        <gco:CharacterString>PCPC</gco:CharacterString>
                    </keyword>
                    <keyword>
                        <gco:CharacterString>Complete Streets</gco:CharacterString>
                    </keyword>
                    <keyword>
                        <gco:CharacterString>Complete Street Types</gco:CharacterString>
                    </keyword>
                    <keyword>
                        <gco:CharacterString>openmaps</gco:CharacterString>
                    </keyword>
                </MD_Keywords>
            </descriptiveKeywords>
            <descriptiveKeywords>
                <MD_Keywords>
                    <keyword>
                        <gco:CharacterString>AUTHORITATIVE</gco:CharacterString>
                    </keyword>
                    <keyword>
                        <gco:CharacterString>Planning</gco:CharacterString>
                    </keyword>
                    <keyword>
                        <gco:CharacterString>PCPC</gco:CharacterString>
                    </keyword>
                    <keyword>
                        <gco:CharacterString>Complete Streets</gco:CharacterString>
                    </keyword>
                    <keyword>
                        <gco:CharacterString>Complete Street Types</gco:CharacterString>
                    </keyword>
                    <keyword>
                        <gco:CharacterString>openmaps</gco:CharacterString>
                    </keyword>
                </MD_Keywords>
            </descriptiveKeywords>
            <descriptiveKeywords>
                <MD_Keywords>
                    <keyword>
                        <gco:CharacterString>AUTHORITATIVE</gco:CharacterString>
                    </keyword>
                    <keyword>
                        <gco:CharacterString>Planning</gco:CharacterString>
                    </keyword>
                    <keyword>
                        <gco:CharacterString>PCPC</gco:CharacterString>
                    </keyword>
                    <keyword>
                        <gco:CharacterString>Complete Streets</gco:CharacterString>
                    </keyword>
                    <keyword>
                        <gco:CharacterString>Complete Street Types</gco:CharacterString>
                    </keyword>
                    <keyword>
                        <gco:CharacterString>openmaps</gco:CharacterString>
                    </keyword>
                </MD_Keywords>
            </descriptiveKeywords>
            <resourceConstraints>
                <MD_Constraints>
                    <useLimitation>
                        <gco:CharacterString>The City of Philadelphia reserves all rights in the City's databases and any data contained therein, and the end user’s use of the data does not constitute a transfer of, nor does the end user receive, any title or interest in the database or any other City data. The City of Philadelphia makes no representation about the accuracy of any specific information in this data and is provided “as is” and without Warranty of any kind. The user of this data will assume complete responsibility for any and all occurrences resulting from its use or display and will hold the City of Philadelphia harmless from any and all claims, demands, liabilities, obligations, damages, suits, judgments or settlements, including reasonable costs and attorneys' fees, that arise from use of this data.</gco:CharacterString>
                    </useLimitation>
                </MD_Constraints>
            </resourceConstraints>
            <language gco:nilReason="missing"/>
            <characterSet>
                <MD_CharacterSetCode codeList="http://www.isotc211.org/2005/resources/Codelist/gmxCodelists.xml#MD_CharacterSetCode" codeListValue="utf8" codeSpace="ISOTC211/19115">utf8</MD_CharacterSetCode>
            </characterSet>
        </MD_DataIdentification>
    </identificationInfo>
</MD_Metadata>
